Trust Code,Location,2012-04-01,2012-05-01,2012-06-01,2012-07-01,2012-08-01,2012-09-01,2012-10-01,2012-11-01,2012-12-01,2013-01-01,2013-02-01,2013-03-01,2013-04-01,2013-05-01,2013-06-01,2013-07-01,2013-08-01,2013-09-01,2013-10-01,2013-11-01,2013-12-01,2014-01-01,2014-02-01,2014-03-01,2014-04-01,2014-05-01,2014-06-01,2014-07-01,2014-08-01,2014-09-01,2014-10-01,2014-11-01,2014-12-01,2015-01-01,2015-02-01,2015-03-01,2015-04-01,2015-05-01,2015-06-01,2015-07-01,2015-08-01,2015-09-01,2015-10-01,2015-11-01,2015-12-01,2016-01-01,2016-02-01,2016-03-01,2016-04-01,2016-05-01,2016-06-01,2016-07-01,2016-08-01,2016-09-01,2016-10-01,2016-11-01,2016-12-01,2017-01-01,2017-02-01,2017-03-01,2017-04-01,2017-05-01,2017-06-01,2017-07-01,2017-08-01,2017-09-01,2017-10-01,2017-11-01,2017-12-01,2018-01-01,2018-02-01,2018-03-01,2018-04-01,2018-05-01,2018-06-01,2018-07-01,2018-08-01,2018-09-01,2018-10-01,2018-11-01,2018-12-01,2019-01-01,2019-02-01,2019-03-01,2019-04-01,2019-05-01,2019-06-01,2019-07-01,2019-08-01,2019-09-01,2019-10-01,2019-11-01,2019-12-01,2020-01-01,2020-02-01
REM,"(53.4657,  -2.9318)",23,21,37,30,31,25,33,31,24,34,21,31,26,24,20,26,30,23,27,24,32,24,24,26,26,29,33,37,27,28,24,24,15,20,35,24,27,26,27,23,26,33,25,35,22,23,21,18,22,24,16,34,34,26,33,25,30,24,18,26,23,23,19,31,28,26,25,26,21,24,22,25,26,30,35,35,27,33,30,25,28,30,34,25,32,31,30,35,32,30,32,27,34,37,25
RCF,"(53.8977, -1.9642)",9,14,13,9,12,11,11,5,14,11,7,3,9,5,6,11,9,11,15,9,3,12,7,12,8,5,12,9,6,19,15,9,11,11,8,13,15,5,11,10,5,8,9,16,13,17,10,9,12,12,15,10,7,14,13,7,13,11,13,13,12,16,13,14,12,5,16,12,8,17,10,20,24,12,14,10,17,11,18,13,11,11,16,13,14,12,23,19,17,16,16,16,9,9,12
RBS,"(53.4205, -2.8968)",2,0,3,0,1,1,1,4,2,4,1,0,2,4,2,2,1,3,0,1,2,2,1,2,1,3,0,2,6,1,3,3,2,1,1,1,3,1,3,5,4,3,2,0,1,0,0,2,2,4,2,0,3,1,0,1,0,2,6,5,0,1,2,2,4,1,1,2,1,4,3,1,2,2,1,1,1,2,2,2,5,0,0,2,2,2,3,1,2,0,1,2,1,1,3
RTK,"(51.4441, -0.4730)",13,23,16,23,18,20,14,15,13,11,20,19,20,29,17,18,15,16,17,14,16,15,15,13,13,26,15,16,20,23,12,20,21,19,18,16,23,25,18,22,20,22,15,16,26,15,14,21,23,19,26,14,26,26,28,23,21,17,10,17,16,21,28,28,28,16,28,30,24,15,15,13,14,17,26,18,22,22,17,14,29,20,28,21,18,24,18,30,18,20,15,21,18,21,21
RF4,"(51.5803, 0.1121)",38,37,35,47,34,33,33,28,33,29,35,33,35,29,33,34,52,39,34,30,38,44,26,42,33,29,54,41,45,35,32,45,44,38,32,38,41,39,39,43,42,38,51,46,44,39,37,43,50,41,51,38,46,48,41,26,38,31,32,40,33,42,43,39,40,40,45,42,34,45,44,42,29,50,40,50,37,32,37,48,31,37,26,29,31,36,46,49,35,37,46,32,37,46,37
RVL,"(51.6665, -0.1038)",30,23,28,21,19,29,27,20,17,22,22,16,27,29,35,42,28,19,27,19,21,17,14,0,0,0,0,0,0,0,0,0,0,0,0,0,0,0,0,0,0,0,0,0,0,0,0,0,0,0,0,0,0,0,0,0,0,0,0,0,0,0,0,0,0,0,0,0,0,0,0,0,0,0,0,0,0,0,0,0,0,0,0,0,0,0,0,0,0,0,0,0,0,0,0
RFF,"(53.5579, -1.4995)_",8,6,6,9,16,19,7,8,11,17,13,10,6,10,8,16,14,13,17,8,17,10,10,18,11,15,13,20,15,17,9,15,17,24,14,7,14,15,20,17,19,19,17,11,15,8,18,20,16,16,15,17,26,17,21,14,18,16,14,16,12,11,15,17,13,17,20,16,16,13,17,14,18,9,22,23,15,16,21,16,6,16,17,13,12,18,19,11,17,9,13,20,15,11,7
R1H,"(51.5182, -0.0585)",44,46,46,52,48,49,48,57,46,61,46,52,59,57,48,58,70,56,52,47,59,61,40,57,39,56,40,65,61,58,53,46,43,56,48,60,55,39,48,61,61,53,56,56,54,47,43,59,61,60,74,57,73,62,62,56,56,52,65,73,54,69,55,56,64,56,52,53,66,47,45,68,47,62,62,56,62,59,53,62,49,51,51,52,70,58,65,60,85,59,62,77,55,58,57
RDD,"(51.6235, 0.3164)",12,11,14,28,21,15,11,20,14,10,3,16,26,14,14,18,23,13,21,17,15,16,20,22,15,15,16,18,21,14,18,25,22,12,23,16,14,28,19,20,23,19,20,20,20,18,19,17,17,17,17,23,19,24,25,29,21,11,17,21,18,22,19,16,23,33,30,23,25,13,21,22,22,22,22,33,29,26,19,16,27,13,26,27,24,24,25,33,24,27,26,26,28,20,18
RC1,"(52.1286, -0.4712)",13,7,13,12,10,6,20,11,12,8,9,7,8,7,12,7,20,14,15,6,9,16,9,16,11,9,11,12,16,19,14,10,14,11,6,13,11,9,17,7,10,12,15,10,9,8,8,7,11,7,10,9,18,11,13,16,16,13,12,16,12,12,12,13,15,11,18,11,14,13,17,18,12,10,11,17,22,20,6,11,11,6,14,10,17,12,12,14,17,7,9,17,14,14,12
RQ3,"(52.411, -1.8976)",2,1,0,1,2,3,2,3,1,4,5,1,3,2,5,1,5,2,3,1,5,3,2,0,3,2,5,0,2,3,0,3,1,1,4,1,2,2,6,3,2,3,1,4,1,4,2,4,0,3,6,4,3,3,2,4,4,4,0,7,2,8,3,6,4,1,7,2,8,1,1,2,4,3,2,2,2,3,3,3,3,2,4,5,2,2,2,2,4,1,2,1,5,2,1
RLU,"(52.4532,-1.9428)",0,0,0,0,0,1,2,0,0,0,1,1,0,1,2,0,3,1,2,0,0,0,1,2,1,2,1,1,2,1,1,1,1,1,2,0,2,1,0,0,0,0,1,0,2,0,0,0,0,0,0,0,0,0,0,0,0,0,0,0,0,0,0,0,0,0,0,0,0,0,0,0,0,0,0,0,0,0,0,0,0,0,0,0,0,0,0,0,0,0,0,0,0,0,0
RXL,"(53.8206, -3.0138)",22,12,21,15,19,20,12,24,16,13,21,19,11,19,18,31,24,22,21,16,27,19,27,24,19,29,21,28,13,31,23,26,18,20,24,22,19,21,29,21,29,29,25,20,23,27,28,20,25,40,25,22,22,20,20,23,16,24,29,28,21,21,22,32,19,24,22,28,24,22,18,17,24,25,27,19,31,28,21,28,22,21,25,11,23,31,21,27,37,28,31,20,26,30,24
RMC,"(53.5533, -2.4312)",25,16,24,17,27,16,26,19,22,17,14,21,26,20,21,27,26,13,16,19,19,21,12,26,18,19,21,24,16,13,12,13,26,29,14,14,29,23,12,19,25,27,21,24,18,18,16,21,12,25,24,27,25,19,28,19,29,22,22,24,24,21,25,32,26,22,23,24,26,25,22,20,28,17,31,23,34,29,22,15,25,28,12,25,27,17,25,16,24,22,20,21,25,22,20
RAE,"(53.8066, -1.7966)",33,20,14,17,22,31,18,23,13,19,15,20,28,27,23,19,20,19,13,26,22,24,17,24,24,19,26,18,25,22,17,21,9,16,13,27,26,19,21,23,26,23,24,17,22,18,12,22,11,26,29,24,43,23,16,25,18,19,15,16,14,15,17,21,23,28,20,23,24,20,26,34,20,24,22,31,30,30,22,25,21,21,18,27,15,29,21,30,19,31,24,24,26,24,24
RXH,"(50.99017054585982, -0.09066765441666307)",15,16,21,21,27,17,18,25,26,7,13,20,33,27,17,22,21,20,20,18,22,18,19,19,19,14,26,29,27,23,24,18,30,15,11,23,29,25,21,23,21,25,20,23,25,27,15,24,21,20,25,20,27,26,18,23,24,17,19,22,22,20,34,37,33,26,21,26,23,22,18,30,26,19,19,28,22,23,41,20,22,17,18,16,23,33,26,23,25,14,29,20,28,24,19
RXQ,"(51.57394587556737, -0.7706928185140914)",19,20,18,24,19,23,12,14,11,9,13,18,14,17,16,19,18,25,24,15,19,18,23,19,20,19,21,17,21,17,30,16,24,9,19,22,21,17,17,19,21,21,25,22,20,14,21,23,20,12,30,27,23,18,16,26,17,17,18,18,17,14,19,18,25,26,21,24,16,16,15,20,23,21,25,23,17,14,24,21,21,21,16,31,26,29,23,16,22,21,18,20,13,25,21
RJF,"(52.62119390500358, -1.7241273718566719)",9,9,11,17,9,14,10,11,8,5,13,10,5,15,11,18,9,18,11,10,17,14,10,11,17,11,16,15,11,13,14,23,17,13,12,10,6,5,10,14,9,13,12,8,6,7,11,7,13,10,7,9,12,10,12,14,5,9,7,13,8,11,14,8,7,10,7,8,15,4,15,0,0,0,0,0,0,0,0,0,0,0,0,0,0,0,0,0,0,0,0,0,0,0,0
RWY,"(53.70548310480215, -1.8577050405132096)",23,19,25,16,20,23,21,14,11,20,19,24,20,17,17,18,12,16,22,18,17,23,24,16,23,24,19,21,12,19,27,22,21,22,26,26,25,19,27,24,27,34,26,26,24,30,26,13,18,22,25,29,19,25,32,23,26,28,18,21,21,25,29,38,29,37,27,31,21,25,22,25,27,25,23,32,34,27,37,15,27,21,25,29,21,22,26,37,34,32,30,16,25,28,18
RGT,"(52.17560031394499, 0.14081330460476296)",17,20,26,14,20,19,22,16,22,21,27,14,27,18,22,23,30,19,16,18,24,15,13,33,23,22,23,31,19,23,24,27,18,36,18,22,24,29,24,22,20,23,27,26,21,29,11,22,22,27,24,20,38,22,29,24,34,20,29,23,32,22,33,32,35,30,31,30,26,32,19,28,25,33,35,31,43,31,42,43,31,42,35,31,29,32,37,37,34,37,45,28,33,35,25
RW3,"(53.46195072406504, -2.224032881078844)",23,18,18,28,33,21,20,32,17,20,21,32,26,18,25,16,29,24,31,26,16,24,28,22,26,21,24,26,21,17,18,19,32,24,22,21,24,33,26,16,26,16,19,34,15,27,19,23,16,26,31,32,24,26,29,28,27,19,20,0,0,0,0,0,0,0,0,0,0,0,0,0,0,0,0,0,0,0,0,0,0,0,0,0,0,0,0,0,0,0,0,0,0,0,0
RQM,"(51.484884641791076, -0.18156721907669413)",2,11,7,4,8,6,8,2,5,7,9,6,9,3,5,9,5,6,3,6,6,5,10,6,5,6,10,8,9,4,6,10,6,5,1,8,10,10,7,13,5,10,10,5,5,9,9,27,20,23,24,28,28,23,26,26,19,29,26,28,22,28,21,23,44,27,31,36,31,28,23,31,34,26,31,34,33,35,40,38,27,34,25,25,25,30,20,34,26,32,29,29,23,36,23
RFS,"(53.23699835697208, -1.3974218254510753)",11,22,26,23,17,22,25,25,18,30,21,26,26,14,20,27,21,15,26,33,19,17,12,20,12,17,17,24,21,23,18,25,15,16,23,17,24,17,14,20,19,29,15,28,27,23,15,24,22,18,31,26,22,20,25,14,27,21,20,15,26,26,22,31,13,30,28,22,21,26,19,21,19,28,15,28,31,28,25,20,19,22,25,40,28,28,17,24,26,29,18,17,16,20,22
RLN,"(54.90308173424177, -1.4091137165088152)",17,25,31,32,29,19,24,28,21,25,23,16,24,25,29,22,31,28,29,34,17,26,25,21,19,30,25,18,27,17,25,27,27,21,21,22,27,27,29,23,23,22,26,30,20,23,18,25,26,24,28,25,29,27,29,19,24,23,29,27,24,22,23,29,33,27,24,25,26,28,26,23,31,25,24,24,33,22,31,29,23,32,22,0,0,0,0,0,0,0,0,0,0,0,0
REN,"(53.33208816005862, -3.028910713613428)",1,2,1,3,0,3,0,0,1,1,1,3,1,0,2,1,0,1,0,0,2,0,1,2,1,1,2,1,0,1,3,0,0,2,1,0,0,0,0,0,3,0,3,2,0,1,2,1,2,1,1,0,1,0,0,0,0,0,0,0,0,0,0,4,1,0,0,4,1,2,1,1,1,0,1,0,1,2,5,3,0,0,0,1,2,0,1,4,2,0,0,0,0,3,1
RDE,"(51.91099476576112, 0.9000585880817549)",24,24,19,19,18,14,11,12,15,18,15,21,16,19,8,18,20,17,19,18,20,21,18,15,20,25,13,20,13,17,18,18,27,19,14,19,12,21,27,24,17,16,18,25,18,21,18,20,20,29,25,23,31,31,31,17,19,21,19,26,16,25,27,26,38,28,28,27,16,19,24,48,43,41,53,47,47,40,53,31,41,49,41,39,37,47,52,65,57,53,64,57,52,35,43
RJR,"(53.20848950365992, -2.898328202194898)",10,11,10,11,19,22,18,16,18,16,8,13,15,15,14,14,21,29,23,16,13,20,11,8,19,22,16,15,15,19,16,16,17,11,19,16,19,15,22,13,20,24,15,24,17,16,19,19,9,10,16,17,25,25,18,13,13,11,12,14,17,13,11,14,19,13,24,15,12,20,16,13,13,19,15,21,25,15,17,17,15,16,22,23,18,21,18,24,20,21,18,15,16,17,19
RXP,"(54.532350021903895, -1.5647619553550858)",20,28,34,25,31,35,23,38,23,25,29,31,25,21,25,39,33,26,26,26,30,30,30,23,20,28,29,28,27,30,32,30,24,19,23,30,21,26,23,27,39,32,27,33,24,29,27,26,27,25,26,45,41,38,33,24,26,36,32,21,28,41,32,33,37,25,25,34,25,30,12,35,33,38,36,29,33,38,32,27,38,35,24,34,38,33,42,36,32,32,26,30,22,34,33
RJ6,"(51.382694104997206, -0.10240341977959112)",14,16,14,16,7,17,8,14,11,11,9,10,16,10,13,10,15,13,15,16,10,15,9,11,12,19,12,16,14,17,22,15,9,12,9,10,12,13,16,18,12,17,15,21,16,19,26,23,14,14,15,20,14,13,18,23,20,14,14,24,15,10,21,34,11,25,22,21,21,13,19,15,18,16,20,13,18,15,27,18,22,15,15,18,13,13,19,20,18,11,24,13,23,14,19
RN7,"(51.445829542457524, 0.2172785007504496)",10,9,18,14,12,13,16,20,20,7,15,19,15,19,17,13,22,16,13,14,21,16,14,17,16,19,14,24,14,19,6,15,12,15,15,14,16,13,9,20,16,17,13,18,12,21,18,22,10,28,25,10,21,19,16,12,22,18,23,14,23,24,20,32,20,23,18,25,18,17,18,25,20,17,22,25,21,17,18,25,10,24,21,19,28,25,18,35,28,21,31,30,25,34,26
RTG,"(52.91125255079307, -1.5135640792625484)",42,29,29,32,40,36,35,24,34,20,29,42,24,34,30,37,32,34,35,33,37,36,46,41,37,41,44,45,31,35,41,29,35,27,35,32,36,31,35,43,38,22,29,37,50,39,38,40,39,38,39,41,37,43,54,36,30,45,32,37,37,32,37,40,44,31,35,42,62,38,28,55,46,42,47,51,57,81,71,57,64,63,70,60,55,62,51,46,50,51,40,52,59,69,62
RP5,"(53.531864734918166, -1.108603980020037)",24,30,30,22,31,13,32,29,20,24,18,18,23,16,23,24,33,29,28,30,26,37,33,30,26,32,29,34,28,23,28,17,24,20,30,33,28,21,22,25,30,38,40,35,30,37,35,31,21,33,30,41,40,38,24,26,29,32,29,22,19,36,23,28,31,32,20,23,31,27,30,22,27,26,35,39,27,31,41,23,26,32,32,21,29,34,29,35,39,32,30,32,37,25,34
RBD,"(50.7176324775909, -2.4440674364043415)",3,5,4,8,8,8,7,7,5,16,7,7,3,3,5,7,7,6,14,11,6,7,6,8,5,8,9,9,8,11,8,5,6,6,11,9,7,15,9,11,8,11,9,6,9,7,13,8,6,13,15,15,17,9,4,9,9,11,8,13,16,12,8,10,12,6,16,10,12,18,10,7,8,15,20,16,11,8,17,14,11,7,7,14,10,15,14,20,20,19,9,8,9,15,13
RC3,"(51.50782257398375, -0.3455783957899442)",14,9,9,11,10,10,12,13,8,10,9,10,11,10,15,4,17,9,10,13,8,10,6,0,0,0,0,0,0,0,0,0,0,0,0,0,0,0,0,0,0,0,0,0,0,0,0,0,0,0,0,0,0,0,0,0,0,0,0,0,0,0,0,0,0,0,0,0,0,0,0,0,0,0,0,0,0,0,0,0,0,0,0,0,0,0,0,0,0,0,0,0,0,0,0
RWH,"(51.92619531435404, -0.21192791752030743)",19,26,20,18,15,22,20,21,20,15,14,17,22,16,22,25,23,21,25,17,19,12,19,11,11,33,22,20,20,22,20,25,24,14,18,18,15,14,18,29,28,18,17,24,18,19,25,31,28,21,26,24,20,23,30,24,22,26,19,17,23,27,18,24,30,29,24,14,10,21,32,17,20,10,21,22,32,33,20,23,20,26,20,25,30,37,24,31,34,36,22,32,24,22,20
RJN,"(53.26357805065089, -2.1394768561256954)",4,11,12,14,16,16,9,11,4,6,18,8,9,14,14,22,10,11,12,10,13,13,9,12,12,12,12,5,18,14,14,10,19,9,9,7,15,12,10,12,10,13,15,11,13,9,10,17,10,8,10,15,12,18,16,13,8,19,5,13,14,13,12,10,16,15,11,12,7,10,11,8,9,7,6,13,11,12,10,8,19,11,11,13,14,10,14,17,9,14,16,15,8,14,4
RVV,"(51.14178249968882, 0.9146858500312061)",41,35,23,42,40,42,44,27,30,34,33,42,34,36,45,49,31,54,46,40,34,39,35,44,41,37,40,44,31,44,46,39,38,36,33,40,40,44,36,52,49,42,43,50,43,43,47,39,50,56,45,52,51,44,51,53,54,52,45,61,47,57,47,48,52,56,46,55,43,49,34,51,41,52,40,54,47,52,55,53,40,45,48,42,41,56,43,51,66,68,46,39,48,45,47
RXR,"(53.81874676778731, -2.2329785112872766)",19,30,32,26,32,31,23,26,21,25,20,26,24,23,26,20,23,21,30,22,39,23,25,29,26,27,37,20,25,26,35,29,27,32,31,25,35,30,30,27,35,35,34,23,30,31,29,35,29,39,32,30,40,34,35,34,33,31,46,37,44,42,39,33,37,28,27,30,31,21,23,38,35,37,36,35,36,37,38,35,40,33,30,39,43,39,33,39,30,30,25,35,23,38,39
RXC,"(50.885997568862706, 0.5681456108802414)",15,23,23,26,25,20,15,15,17,19,22,20,24,17,17,16,18,18,22,28,15,19,21,19,16,13,23,23,28,22,23,21,19,12,14,24,23,28,26,34,30,23,23,23,16,29,31,32,23,27,24,27,32,27,31,28,29,31,22,33,33,32,32,39,41,35,29,32,30,28,17,29,26,35,28,33,32,38,30,33,28,29,21,34,24,38,29,38,32,22,33,34,26,34,27
RVR,"(51.32588162585017, -0.2726380652063193)",19,14,11,16,14,10,16,18,11,20,15,16,20,19,14,20,14,15,15,27,16,23,13,21,19,26,34,14,12,20,20,13,21,19,15,25,21,21,28,12,29,24,26,21,29,23,23,15,17,29,35,28,26,22,24,19,19,26,23,17,18,18,23,23,29,15,22,20,24,25,28,20,21,32,23,33,24,24,24,24,32,16,15,26,31,30,13,29,24,27,20,21,34,25,22
RDU,"(51.31935047347247, -0.7406367498647125)",16,20,21,16,16,14,19,21,9,16,10,11,11,10,13,20,15,14,5,10,17,20,17,38,44,40,33,35,52,36,40,27,32,38,36,38,37,38,45,38,46,45,52,35,52,57,31,55,39,53,47,54,56,56,60,39,62,40,48,51,62,53,57,72,67,57,72,63,58,64,34,54,49,61,59,47,72,55,76,64,56,55,56,75,63,67,45,68,72,67,59,53,62,68,54
RR7,"(54.95819357717019, -1.6041208420193993)",15,17,16,18,16,15,16,9,10,11,7,9,10,10,15,14,11,13,13,10,7,13,15,20,16,10,14,15,12,14,7,14,12,14,20,14,10,14,16,9,28,14,11,13,14,21,21,22,18,13,17,14,12,18,15,12,16,13,19,18,17,29,15,20,22,23,21,18,23,18,14,19,23,26,24,23,25,29,20,21,16,26,18,23,17,15,18,28,20,16,20,16,19,27,20
RLT,"(52.51250140968682, -1.4761946719216046)",7,11,8,15,6,3,12,5,8,9,11,5,7,11,13,9,7,7,5,12,11,11,10,11,11,16,16,13,7,12,18,14,8,14,6,11,9,11,7,8,12,8,11,6,5,11,11,10,7,12,13,18,14,8,14,9,12,20,12,5,18,8,12,8,10,9,12,7,12,7,13,12,11,14,12,14,24,14,11,11,12,13,15,6,13,10,16,19,18,23,13,15,7,19,13
RTE,"(51.89817330661764, -2.0734003866899693)",21,27,26,34,30,30,19,26,28,15,21,25,25,25,19,18,24,16,17,20,25,27,22,20,18,27,28,25,31,27,25,29,20,21,20,16,12,31,23,32,23,22,25,18,27,21,22,20,29,28,24,30,30,21,23,13,13,16,23,27,27,15,20,17,24,16,27,28,25,23,18,18,17,15,24,23,28,32,25,17,20,34,17,18,15,25,28,14,25,12,20,18,29,10,18
RP4,"(51.52374138975729, -0.12505186986850936)",2,0,3,3,0,1,1,4,1,2,1,1,0,2,3,1,4,1,2,3,3,2,1,1,2,2,2,1,3,1,0,2,2,3,1,0,0,1,3,1,3,1,1,2,3,1,1,0,1,3,3,4,2,0,3,0,2,1,1,1,3,1,2,2,1,0,3,0,2,0,1,3,2,2,2,0,2,2,2,3,1,0,3,2,2,0,1,1,0,1,0,1,1,1,4
RN3,"(51.53875488233524, -1.7274504111171665)",15,14,9,17,20,9,10,12,15,14,14,15,8,17,19,11,18,15,16,11,16,20,6,18,13,24,24,16,21,14,19,15,21,23,16,22,22,18,17,32,32,24,26,24,27,17,18,14,22,24,14,23,31,22,26,21,22,17,20,18,19,19,23,17,24,17,16,16,19,16,16,14,8,18,22,14,20,29,18,17,18,19,14,18,21,19,18,15,26,27,16,22,14,24,12
RJ1,"(51.50762036418535, -0.09012022132932707)",9,21,18,20,18,13,18,18,17,20,13,11,13,24,19,16,22,17,31,18,15,20,19,15,21,20,17,19,19,14,16,16,24,20,24,24,20,22,18,16,19,12,16,23,18,22,20,31,20,26,20,19,27,19,16,25,14,20,24,35,17,33,24,23,35,22,24,23,24,17,25,15,23,28,27,16,30,25,36,29,19,12,28,22,20,33,23,23,24,20,28,24,28,18,34
RN5,"(51.28204311980768, -1.1111663428253749)",12,12,17,12,15,16,15,9,16,17,19,16,17,13,12,19,19,15,12,11,8,20,16,16,21,16,20,17,19,12,18,18,13,11,12,12,25,17,19,23,19,20,22,19,18,16,20,13,22,15,22,23,25,21,12,23,20,18,15,24,20,10,23,21,25,23,24,21,27,16,15,18,20,23,26,26,34,18,22,22,23,24,25,27,20,20,17,26,35,31,24,28,30,31,13
RCD,"(53.9940886140109, -1.5173907641144762)",8,13,7,14,16,11,5,7,10,4,7,8,3,9,13,15,10,11,8,7,11,8,5,6,8,7,11,17,5,6,12,6,4,12,7,6,10,12,10,9,18,19,14,10,15,7,8,12,9,9,7,9,11,14,12,7,15,12,12,13,10,12,13,16,18,15,11,3,7,15,14,12,13,15,13,10,15,11,9,7,7,15,11,15,11,8,6,7,20,18,9,16,12,7,7
RR1,"(52.478199975848575, -1.827997595171769)",34,36,35,49,43,50,30,44,37,38,49,49,42,49,44,45,51,53,44,44,40,34,39,42,38,41,55,50,48,48,45,36,43,51,33,49,44,60,53,57,47,68,72,42,39,51,50,51,46,57,50,52,53,48,40,50,42,48,52,44,42,56,53,59,47,54,50,64,43,50,50,0,0,0,0,0,0,0,0,0,0,0,0,0,0,0,0,0,0,0,0,0,0,0,0
RD7,"(51.542841717766166, -0.5741286139006025)",8,11,23,18,16,15,16,16,18,22,11,19,9,23,20,23,12,16,18,23,12,14,16,0,0,0,0,0,0,0,0,0,0,0,0,0,0,0,0,0,0,0,0,0,0,0,0,0,0,0,0,0,0,0,0,0,0,0,0,0,0,0,0,0,0,0,0,0,0,0,0,0,0,0,0,0,0,0,0,0,0,0,0,0,0,0,0,0,0,0,0,0,0,0,0
RQQ,"(52.33295506719578, -0.20259350501565868)",13,5,4,10,11,7,4,7,10,2,6,3,9,5,7,5,2,9,12,10,8,10,7,7,7,9,4,14,8,4,5,7,2,7,3,5,9,6,9,8,12,7,6,8,6,11,11,3,9,9,9,11,15,5,10,14,11,10,6,0,0,0,0,0,0,0,0,0,0,0,0,0,0,0,0,0,0,0,0,0,0,0,0,0,0,0,0,0,0,0,0,0,0,0,0
RQX,"(51.550631362287014, -0.04616614229199524)",10,13,6,8,6,8,12,10,16,4,7,8,13,8,7,6,10,7,16,12,9,10,14,12,11,10,10,6,12,10,8,11,10,9,12,13,7,15,6,16,12,19,13,9,13,10,7,14,15,7,8,11,13,12,19,12,4,10,8,7,13,10,9,10,10,9,16,6,12,4,7,8,13,11,7,18,16,9,10,15,14,10,6,5,11,11,9,15,13,11,9,11,9,14,12
RWA,"(53.74487384822891, -0.3583312797079829)",21,29,27,33,36,33,25,39,23,23,29,38,34,43,29,40,45,30,36,30,46,34,37,27,22,31,20,36,36,28,33,33,32,19,31,25,24,32,34,38,35,33,32,28,29,31,30,28,31,39,26,34,50,38,47,39,29,25,38,37,29,31,43,33,43,42,33,37,36,41,36,26,35,34,39,52,40,41,33,37,38,35,42,55,37,43,51,43,50,44,37,47,33,45,41
RYJ,"(51.51839798172751, -0.17434872696825063)",19,24,19,24,29,22,28,26,16,28,19,21,31,27,30,29,38,22,24,21,29,23,32,36,24,28,27,23,46,25,23,32,26,35,23,30,27,29,32,32,29,37,31,28,31,24,27,27,25,37,38,34,32,32,38,30,21,34,36,25,36,25,34,28,34,32,40,32,33,22,23,20,22,35,27,35,31,40,29,29,26,21,20,21,32,37,24,35,38,31,29,37,45,36,18
RGQ,"(52.05819743475968, 1.1981581886938297)",14,15,14,7,15,19,15,12,21,11,2,12,6,9,13,17,16,19,15,10,9,12,12,18,11,11,17,17,13,15,18,11,13,12,15,15,11,11,19,13,15,17,12,17,28,24,9,10,18,11,17,23,19,14,23,19,14,16,8,21,27,21,23,12,17,13,14,22,18,5,8,0,0,0,0,0,0,0,0,0,0,0,0,0,0,0,0,0,0,0,0,0,0,0,0
R1F,"(50.71180994958148, -1.298284719723565)",2,3,7,8,3,8,10,7,9,7,3,8,12,8,4,7,8,7,7,4,7,11,6,7,10,8,8,10,8,9,11,14,9,11,8,9,14,6,11,16,13,10,8,12,4,4,11,14,13,10,10,11,9,14,9,13,11,11,11,11,9,10,11,8,12,19,7,13,16,6,13,8,5,8,12,19,13,15,14,11,12,14,5,16,16,14,16,15,13,16,11,12,12,12,10
RGP,"(52.56235364459122, 1.7177258122789563)",14,19,17,9,9,9,10,7,9,11,9,10,10,14,13,15,23,6,15,11,11,12,6,19,13,13,18,12,15,7,16,12,9,15,17,15,14,11,12,17,11,13,17,10,16,20,18,22,13,22,15,18,16,19,24,16,9,13,19,10,19,23,20,11,18,16,27,24,12,22,19,12,17,17,19,21,22,17,20,24,14,15,15,16,17,17,18,13,15,13,26,16,15,17,14
RNQ,"(52.40249406083794, -0.7417564571305906)",12,10,10,13,16,9,11,12,11,12,10,13,15,17,13,17,16,18,12,17,22,17,13,14,18,23,21,15,20,12,15,22,18,17,17,17,14,22,13,14,20,21,17,13,16,19,21,14,26,22,23,24,24,19,11,22,29,19,17,18,23,20,20,23,28,22,15,15,15,28,32,24,25,15,15,25,22,23,24,15,15,22,13,19,10,21,22,21,14,20,15,14,17,17,16
RJZ,"(51.46870148832199, -0.09441272645577566)",28,31,38,31,50,39,48,32,32,35,34,24,30,43,32,37,41,36,43,31,50,31,27,36,33,27,25,36,25,34,36,39,32,35,30,33,29,36,35,38,41,48,42,37,28,37,29,29,33,40,44,45,35,59,41,43,36,26,41,40,40,41,39,34,41,35,30,41,28,35,33,39,56,46,45,45,49,39,42,39,35,36,35,34,34,36,34,42,34,41,41,36,29,43,39
RAX,"(51.415574564261284, -0.2819594470463134)",11,9,15,11,13,10,12,12,8,9,10,23,9,10,6,12,13,14,13,14,14,12,4,8,10,12,14,13,13,11,15,10,7,9,12,7,8,19,15,11,20,12,20,16,16,13,16,14,8,18,14,20,12,14,10,12,17,15,16,12,14,14,13,13,22,10,14,8,9,9,10,12,12,13,18,10,13,14,20,8,14,10,10,20,7,16,17,19,13,15,14,12,10,11,13
RXN,"(53.82229721458163, -2.2258013814394366)",21,30,20,21,26,21,26,15,24,26,13,20,32,23,22,24,22,21,32,18,22,24,14,22,20,22,22,29,24,28,30,28,24,15,20,21,25,15,18,29,34,27,24,15,24,29,17,33,16,28,28,29,23,31,26,16,18,28,24,23,36,26,30,25,36,22,34,25,33,22,23,23,26,28,31,33,30,33,27,24,25,30,22,25,27,23,29,28,21,24,26,18,24,30,26
RR8,"(53.80941300213556, -1.5212084769495262)",54,58,36,55,50,41,39,49,43,47,38,44,54,53,42,47,54,46,46,45,48,44,47,47,43,63,47,50,42,61,54,48,50,50,45,40,40,44,39,52,53,57,43,46,47,47,52,56,55,64,54,64,59,19,37,68,64,34,29,63,56,48,45,50,58,51,52,62,54,41,53,52,47,70,49,58,74,55,65,64,65,59,60,64,34,46,51,56,78,72,59,54,60,67,71
RJ2,"(51.453516803239836, -0.017357249749903148)",20,20,27,27,24,26,28,15,22,18,22,27,23,24,23,23,22,33,24,21,29,19,11,19,33,20,23,22,30,18,22,32,31,24,20,35,24,28,36,44,31,37,32,40,36,26,26,37,31,29,34,39,50,32,40,36,30,25,24,37,26,33,38,32,41,26,26,29,30,34,32,33,31,43,42,30,38,29,40,30,29,31,28,38,28,35,23,41,37,38,44,34,33,34,29
RBQ,"(53.41258159697878, -2.899279918438111)",1,1,0,0,1,1,1,2,0,1,1,0,0,0,0,2,1,1,1,1,0,0,0,3,1,2,0,2,1,0,2,0,1,2,0,0,1,1,2,2,1,0,0,0,2,1,3,1,0,0,0,2,1,0,1,0,1,3,0,1,1,1,2,0,0,0,0,1,1,1,0,0,0,0,0,1,2,2,1,1,0,0,0,2,0,0,0,3,0,1,0,0,0,0,0
REP,"(53.39909779594857, -2.959983433247312)",0,2,2,0,1,1,1,2,3,2,1,0,0,0,2,2,1,0,0,3,0,3,0,0,1,5,2,1,1,1,1,1,2,1,0,0,2,1,2,2,2,3,1,0,2,1,1,1,0,1,1,1,1,1,3,5,3,6,0,2,1,3,1,1,1,0,0,1,1,0,0,1,1,3,1,1,1,1,1,1,1,0,1,3,3,1,2,1,1,1,0,0,1,0,1
RC9,"(51.8952696750296, -0.4749375341463598)",13,14,13,16,18,18,16,13,19,18,19,15,22,9,14,15,20,9,19,11,10,21,15,11,16,17,24,19,26,16,12,15,12,13,16,12,13,11,13,15,15,16,12,20,15,18,16,20,19,18,17,18,18,15,12,17,21,17,13,20,13,12,22,13,23,13,20,15,24,12,14,22,20,21,25,19,23,16,19,17,12,11,12,18,14,22,15,18,15,16,26,20,13,20,13
RWF,"(51.148763909896694, 0.3071609495295322)",20,20,13,25,16,22,19,15,12,14,25,13,11,21,32,25,24,26,25,16,24,20,15,20,36,25,29,22,25,23,23,21,27,21,28,29,24,22,34,28,18,27,23,27,28,26,31,21,22,27,31,32,32,32,27,23,23,24,33,41,24,30,31,40,37,33,35,34,33,33,22,34,23,30,27,37,38,32,32,33,28,24,19,27,28,30,38,29,49,32,39,20,23,21,28
RPA,"(51.2811576524805, 0.5281977920195632)",14,19,15,23,26,16,11,19,17,17,14,21,18,19,16,20,23,14,20,16,23,22,18,22,16,29,23,30,24,18,25,21,22,21,15,23,21,22,18,21,29,19,19,20,23,25,23,26,22,28,33,24,32,27,28,21,24,24,24,27,23,19,32,26,25,22,27,19,21,23,23,21,24,27,40,25,23,24,23,20,19,21,20,17,28,22,37,26,34,16,18,20,22,22,21
RBT,"(53.13146192979211, -2.486824393426014)",14,8,13,16,18,16,10,12,14,17,14,10,13,16,17,16,14,17,18,11,12,19,18,17,18,20,17,13,19,14,17,17,18,20,15,14,9,13,15,18,23,13,10,15,14,19,18,20,16,14,15,11,17,20,10,9,17,11,15,20,19,31,16,24,18,18,15,16,9,16,12,21,17,10,9,14,19,15,19,17,19,12,15,10,13,19,20,20,19,12,23,18,17,16,12
RQ8,"(51.749673007587525, 0.5088282498832079)",18,13,9,10,22,12,13,13,12,6,7,10,9,11,9,15,15,15,15,8,20,17,15,17,18,11,15,13,27,16,16,13,11,15,10,13,12,19,17,9,18,17,16,10,15,11,17,9,21,15,23,16,24,16,17,15,14,16,21,17,16,17,18,21,22,19,18,20,19,16,22,9,18,23,21,21,20,20,24,6,20,29,16,13,26,18,21,16,20,15,31,22,24,24,20
RJD,"(52.82210881500155, -2.0951942213694807)",4,6,9,13,7,10,13,14,8,5,4,10,4,4,11,14,10,7,8,11,8,9,12,0,0,0,0,0,0,0,0,0,0,0,0,0,0,0,0,0,0,0,0,0,0,0,0,0,0,0,0,0,0,0,0,0,0,0,0,0,0,0,0,0,0,0,0,0,0,0,0,0,0,0,0,0,0,0,0,0,0,0,0,0,0,0,0,0,0,0,0,0,0,0,0
RXF,"(53.722497348213, -1.4708461840064424)",29,45,37,34,35,22,40,25,25,24,28,15,26,25,32,29,36,34,29,27,29,29,30,31,39,29,35,28,37,36,33,38,30,27,23,22,33,30,41,35,32,33,40,45,30,37,26,31,35,53,42,36,29,31,42,32,34,35,23,32,35,29,32,42,29,44,40,37,28,30,23,37,32,46,38,35,36,45,36,40,52,32,27,42,42,49,36,42,38,27,40,21,31,30,32
RD8,"(52.03232243854256, -0.7373351735956367)",14,6,12,13,15,9,12,15,14,11,10,17,11,10,8,13,11,8,14,14,11,14,12,15,14,9,13,19,21,19,14,16,11,7,15,16,15,11,18,14,11,11,14,15,18,16,18,16,16,12,17,20,21,14,21,20,15,15,21,18,21,13,12,27,21,23,11,14,15,13,12,13,26,15,32,20,22,19,21,16,13,28,17,18,14,18,15,20,26,21,22,18,10,13,20
RP6,"(52.13204071677421, -0.47101573523027485)",0,0,0,0,0,0,0,0,0,0,0,0,0,0,0,0,0,0,0,0,0,0,0,0,0,0,0,0,0,0,0,0,0,0,0,0,0,0,0,0,0,0,0,0,0,0,0,0,0,0,0,0,0,0,0,0,0,0,0,0,0,0,0,0,0,0,0,0,0,0,0,0,0,0,0,0,0,0,0,0,0,0,0,0,0,0,0,0,0,0,0,0,0,0,0
RM1,"(52.61878895771428, 1.2209810429984467)",20,21,22,25,17,19,22,26,6,24,26,25,20,15,23,22,23,31,34,28,25,21,18,21,23,21,15,16,29,30,25,25,27,19,23,32,32,23,27,44,38,37,29,29,29,28,30,30,24,31,29,40,41,24,34,33,29,26,23,36,29,24,36,27,29,43,35,42,32,19,26,28,28,23,37,40,28,37,25,32,26,18,28,29,30,22,39,38,32,30,29,27,19,21,33
RVJ,"(51.49895168172361, -2.591554211636784)",17,15,23,16,24,16,22,10,16,20,13,19,16,27,23,26,19,23,27,20,12,14,17,26,20,16,24,20,16,31,23,22,21,16,21,26,14,20,21,29,26,31,19,14,21,29,18,12,18,21,38,24,25,21,13,20,26,28,21,17,31,23,27,25,26,26,25,23,30,14,22,25,29,24,29,25,34,23,22,29,21,32,21,28,18,20,20,26,33,27,37,25,25,23,23
RNL,"(54.89655925907773, -2.957433340277041)",9,12,13,15,14,21,23,18,14,12,10,22,12,13,12,16,12,17,13,14,15,14,14,18,21,21,19,14,19,18,19,17,21,18,15,21,13,16,19,15,15,20,15,28,18,18,14,16,19,22,20,24,19,17,25,16,16,15,21,22,18,23,20,18,34,17,16,23,21,20,15,16,21,18,26,23,29,28,26,19,18,28,28,20,24,26,29,30,26,21,25,26,25,34,33
RAP,"(51.613547959108274, -0.07408313485442612)",7,9,19,12,13,15,10,10,17,10,13,16,11,11,13,13,12,14,10,12,14,11,6,7,15,14,14,9,13,13,16,14,17,22,8,18,19,20,9,15,20,14,23,15,30,18,18,15,19,19,12,13,12,17,21,19,17,19,22,20,21,37,24,21,31,20,32,19,14,20,15,23,14,20,21,26,26,21,22,21,20,21,19,18,15,33,19,17,20,21,19,26,27,24,22
RVW,"(54.70470199204249, -1.2267371752005667)",18,20,21,18,23,22,25,16,16,15,19,13,13,12,16,7,22,14,22,13,18,28,16,10,17,18,12,15,11,18,20,19,16,19,18,21,14,20,13,30,17,25,24,28,21,30,15,31,25,23,17,22,28,30,25,36,22,26,30,33,26,21,36,31,39,27,26,34,26,30,28,23,24,30,31,35,28,35,34,22,28,25,32,32,31,35,25,38,32,28,31,22,17,27,24
RV8,"(51.590640775144465, -0.32434023509354126)",17,18,15,12,15,23,23,12,11,14,5,23,23,17,9,17,34,21,31,14,22,21,17,0,0,0,0,0,0,0,0,0,0,0,0,0,0,0,0,0,0,0,0,0,0,0,0,0,0,0,0,0,0,0,0,0,0,0,0,0,0,0,0,0,0,0,0,0,0,0,0,0,0,0,0,0,0,0,0,0,0,0,0,0,0,0,0,0,0,0,0,0,0,0,0
RNS,"(52.2368984412384, -0.8841062646229706)",15,15,20,10,20,16,16,7,14,14,7,15,11,8,16,18,20,21,18,17,9,19,18,19,15,10,15,11,29,21,23,17,24,22,16,6,17,20,18,23,17,20,21,19,22,19,11,24,28,22,15,23,22,25,21,17,24,18,27,22,19,29,21,19,14,21,26,17,18,18,17,17,21,23,23,26,22,21,19,21,19,19,14,8,20,23,25,21,20,26,17,21,14,25,17
RBZ,"(50.736223158372084, -3.5281606141261066)",9,11,10,7,15,6,4,8,3,12,7,5,5,9,8,10,12,9,10,7,12,8,7,8,12,10,17,10,9,6,7,12,5,11,12,10,12,11,8,9,5,7,14,7,10,4,8,9,7,21,17,12,17,11,11,11,13,13,16,11,10,15,13,16,17,16,19,14,16,8,9,7,11,16,10,19,14,15,17,7,9,12,11,16,14,18,15,11,16,11,13,15,7,16,15
RJL,"(53.58796716569937, -0.6668951098491427)",26,22,23,30,30,15,24,18,17,21,28,29,25,30,21,25,26,20,23,20,17,22,23,28,22,25,21,19,33,23,20,27,22,31,28,29,23,26,26,27,25,23,27,30,24,28,24,30,27,24,26,31,35,20,20,27,13,26,36,24,28,25,28,27,22,26,26,20,16,22,25,21,31,24,30,31,32,24,23,19,27,31,19,24,29,22,22,32,42,32,35,31,26,35,27
RTF,"(55.03872139998095, -1.5102068139337432)",37,32,26,37,35,18,23,22,30,34,34,18,28,22,21,27,31,31,39,25,30,24,22,29,35,47,34,40,33,44,46,30,29,43,29,33,23,45,45,34,39,36,36,29,33,28,28,35,26,34,43,40,40,29,51,28,26,35,36,33,39,31,38,41,36,29,33,29,37,36,33,36,37,37,36,35,37,38,42,40,31,38,29,43,37,39,40,46,55,38,42,32,36,37,30
RX1,"(52.99107238626635, -1.1594603052183228)",59,55,41,55,53,50,50,42,68,61,52,39,57,59,54,57,53,62,59,79,55,62,50,68,70,58,59,78,84,65,76,76,73,63,48,78,61,57,60,77,57,65,63,66,63,70,50,66,52,64,66,58,84,73,69,65,70,67,71,64,62,69,68,69,59,49,50,56,48,57,43,55,45,56,59,76,58,49,54,66,65,67,54,63,62,67,71,54,71,63,79,56,53,57,51
RTH,"(51.765536444030154, -1.2187210639708337)",25,40,29,28,35,31,28,33,42,28,22,30,35,40,34,30,38,36,33,39,31,35,28,31,30,23,47,47,41,27,30,29,32,27,28,33,34,39,36,41,37,41,35,49,28,42,35,39,54,32,44,53,35,45,51,37,46,47,30,41,45,42,33,50,55,56,61,45,34,46,36,38,45,49,37,35,56,37,39,42,37,38,40,40,50,52,45,51,42,46,61,48,50,43,33
RGM,"(52.1737513677175, 0.1374407734498685)",0,1,1,0,0,1,1,1,0,3,0,0,1,2,1,2,2,0,1,0,1,0,0,0,0,1,0,0,2,0,1,0,1,1,0,0,0,3,1,0,0,1,1,0,1,1,2,1,0,1,0,2,2,0,2,2,0,0,0,3,0,1,0,2,0,1,2,2,2,1,0,0,1,0,1,0,1,2,0,3,1,0,0,0,3,0,1,0,0,1,1,2,1,0,0
RW6,"(53.522938480151645, -2.231527885780028)",38,40,42,48,42,43,35,46,33,23,36,38,37,51,28,41,39,46,48,41,34,28,36,34,39,44,32,28,40,39,48,31,41,40,31,40,29,36,48,35,41,33,35,38,32,39,29,36,34,33,45,44,47,46,37,39,52,29,33,47,45,25,33,43,39,40,44,35,37,38,36,33,29,44,43,43,58,52,42,49,37,40,37,38,37,36,46,48,49,40,41,28,34,29,43
RGN,"(52.67053659096188, -0.4739601098546952)",29,16,18,15,17,16,14,9,16,13,8,17,15,19,15,21,14,16,24,20,17,20,15,20,21,20,20,20,12,18,18,17,10,14,17,18,20,17,23,22,19,24,17,21,17,21,17,23,15,15,10,17,18,14,17,20,28,24,20,26,25,25,25,36,37,29,38,26,25,28,27,29,24,34,34,27,37,25,38,22,21,36,27,34,26,27,23,34,28,36,29,30,23,27,23
RK9,"(50.41906348032882, -4.1171231845975695)",23,29,21,27,24,26,24,15,24,35,13,22,31,23,29,26,22,16,22,26,25,17,23,23,29,27,21,35,25,36,35,28,25,22,27,39,27,28,34,26,29,38,39,33,31,35,38,35,20,22,23,40,28,28,37,31,35,27,24,29,24,32,25,26,32,33,45,22,25,34,25,30,32,46,40,32,39,34,36,39,37,30,22,26,33,46,32,51,47,49,43,29,36,39,28
RD3,"(50.72176898204633, -1.9738590575877244)",13,11,12,18,19,18,14,6,9,12,10,10,7,10,17,23,22,15,14,24,16,18,15,23,21,19,12,22,22,15,22,16,13,14,10,12,14,20,25,21,23,19,20,14,15,16,20,19,8,25,21,16,14,21,19,21,20,7,18,17,17,16,16,29,23,25,19,13,18,17,11,18,32,24,21,22,23,20,15,21,13,23,14,16,23,19,21,22,23,20,35,19,23,18,10
RHU,"(50.85040274124135, -1.0703472500937872)",11,31,18,18,28,18,23,21,18,23,23,20,16,23,36,24,31,34,27,22,19,25,11,28,24,22,42,36,35,30,24,22,28,37,28,32,21,29,37,28,41,33,29,26,25,25,24,23,34,29,38,41,32,42,27,31,31,26,33,28,35,30,36,33,41,24,40,34,28,31,38,34,32,35,38,29,46,34,32,26,24,28,24,28,32,24,41,31,46,40,30,27,25,28,24
RQW,"(51.7717669129414, 0.0862598114042596)",7,10,17,15,12,8,5,17,10,11,14,5,14,9,8,15,11,8,8,9,10,3,11,13,11,13,16,12,13,19,17,12,11,16,11,8,16,9,8,13,11,12,7,11,14,7,11,11,18,10,19,9,26,14,13,10,12,14,18,18,13,10,13,11,25,13,15,20,19,15,14,9,17,10,11,10,18,8,12,15,10,18,9,9,16,17,22,15,16,12,11,9,10,14,13
RPC,"(51.135883544509284, -0.0022372801107175978)",0,0,0,0,0,0,0,0,0,0,0,0,0,0,0,0,0,0,0,0,0,0,0,0,0,0,0,0,0,0,0,0,0,0,0,0,0,0,0,0,0,0,0,0,0,1,0,0,1,0,0,0,0,0,0,0,0,0,0,0,0,0,0,0,0,0,0,0,0,0,0,0,0,0,0,0,0,1,0,0,0,0,0,0,0,0,1,0,0,0,1,0,0,0,0
RHW,"(51.44977348564307, -0.9586135799264898)",15,24,13,17,22,26,16,21,17,23,18,19,16,14,22,27,22,26,22,23,29,19,11,14,18,16,20,29,20,15,29,25,17,21,20,25,18,16,28,26,21,20,20,25,21,22,18,20,16,25,22,31,22,24,27,17,22,19,25,22,37,27,37,39,44,29,33,19,27,20,27,21,27,28,31,37,26,38,25,26,32,22,25,30,30,35,39,28,36,30,33,38,30,41,24
RT3,"(51.48959540323159, -0.17064275266854004)",1,0,1,1,1,1,1,3,0,1,0,3,0,1,1,0,0,0,1,1,0,0,3,1,1,0,2,4,2,0,1,1,3,2,2,0,2,0,1,2,1,2,0,2,1,1,0,2,2,2,1,1,0,2,2,0,0,0,0,1,2,2,1,0,1,2,1,2,0,3,0,1,1,3,6,1,1,1,3,1,3,2,2,1,2,0,1,1,1,0,1,0,1,1,0
REF,"(50.266723553399586, -5.09219671181504)",18,25,14,21,20,14,18,17,16,18,18,12,17,14,23,24,28,20,19,20,12,14,16,17,15,19,18,20,16,21,18,14,21,18,18,15,19,9,22,19,17,24,22,17,18,15,21,29,17,21,27,22,17,23,29,24,25,32,17,28,15,27,33,28,41,29,27,27,13,26,20,23,29,34,29,41,30,33,32,30,24,33,39,34,34,27,26,43,35,35,31,38,31,39,25
RH8,"(50.71679447830646, -3.510051928155843)",13,18,10,18,13,16,14,20,19,16,18,18,17,13,22,14,15,21,24,20,16,13,21,18,21,21,17,18,22,16,14,14,20,18,17,27,24,14,17,18,23,16,25,22,21,18,23,20,16,15,16,19,26,23,20,31,18,26,14,19,21,29,30,26,19,22,30,24,22,22,10,23,22,27,25,32,24,32,30,22,31,32,25,25,33,30,22,26,31,24,32,23,28,20,22
RAL,"(51.552297994439556, -0.17247987682161617)",16,13,18,16,21,17,13,34,15,10,16,18,10,21,22,27,26,23,16,9,25,19,20,37,45,39,39,35,51,46,52,36,40,39,37,29,41,35,44,38,46,33,45,37,29,49,38,34,38,37,45,37,46,37,59,27,38,29,34,37,35,33,36,50,33,43,36,47,39,41,38,47,41,43,29,43,46,47,39,36,51,42,38,35,40,32,44,50,56,31,40,38,39,34,0
RQ6,"(53.41062768755218, -2.9647332099563597)",14,17,16,15,18,20,20,22,19,19,17,21,26,21,20,20,27,31,24,26,33,28,18,29,31,18,29,26,27,19,31,26,20,33,15,28,24,30,28,35,30,32,24,29,22,17,22,17,27,24,23,24,19,32,34,35,30,29,33,32,29,35,20,34,20,26,26,29,21,32,23,28,29,30,30,26,28,35,26,18,34,20,26,33,24,31,28,19,29,24,31,25,16,33,24
RBB,"(51.39215922944104, -2.389829326504485)",0,0,0,0,0,0,0,0,0,0,0,0,0,0,0,0,0,0,1,0,0,0,0,0,0,0,0,0,0,0,0,0,0,0,0,0,0,0,0,0,0,0,0,0,0,0,0,0,0,0,0,0,0,0,0,0,0,0,0,0,0,0,0,0,0,0,0,0,0,0,0,0,0,0,0,0,0,0,0,0,0,0,0,0,0,0,0,0,0,0,0,0,0,0,0
RAN,"(51.631781934533215, -0.31138331843685196)",0,1,1,0,0,0,1,0,0,0,0,0,0,1,0,0,0,1,1,0,0,0,0,0,1,0,0,1,0,1,1,2,1,0,0,0,1,0,0,1,1,0,0,0,0,0,2,1,0,1,1,2,0,0,0,0,0,0,0,1,0,0,0,0,0,2,1,1,0,0,1,0,0,2,1,0,1,0,0,0,0,0,0,1,0,1,0,2,0,0,0,0,1,0,1
RA2,"(51.24163444344181, -0.6087324033207829)",12,13,12,13,11,16,16,16,8,13,6,9,12,18,12,3,8,16,20,18,12,11,12,6,7,12,11,10,9,13,10,9,20,13,17,9,16,12,19,23,20,10,16,9,13,16,7,11,10,18,20,20,20,14,16,12,9,16,8,17,11,16,14,14,18,15,14,17,9,14,10,14,8,16,14,18,14,14,19,11,19,14,13,14,18,21,12,21,23,19,15,16,20,15,24
RD1,"(51.392690567416615, -2.390827657195566)",20,19,18,12,16,11,18,18,12,15,20,11,16,9,14,17,22,21,21,24,27,20,30,19,31,31,17,19,18,26,30,21,22,21,24,27,13,30,20,20,26,21,28,22,27,29,15,20,14,24,26,24,23,33,19,30,32,31,17,25,19,18,36,20,30,27,25,24,28,24,22,22,36,34,34,37,27,33,33,31,24,38,33,36,31,25,28,34,43,29,25,25,30,28,18
RL4,"(52.598618312272215, -2.095029802517471)",22,22,21,26,15,21,23,18,18,14,15,18,18,22,29,18,18,16,17,23,15,22,15,25,18,19,24,24,22,24,25,29,26,30,26,20,27,28,31,30,17,26,27,26,19,29,26,15,22,22,21,33,33,25,28,24,24,21,24,28,33,27,31,22,31,26,20,26,32,38,28,21,40,27,39,27,31,24,39,23,24,27,26,26,23,32,23,23,28,20,23,23,29,18,20
RM3,"(53.488772311897115, -2.323595913192826)",14,14,10,12,23,13,14,13,15,16,16,16,12,14,17,16,23,15,17,11,14,13,16,16,12,26,7,14,16,12,8,17,14,16,15,17,10,12,20,15,14,16,29,17,22,14,17,20,14,17,20,18,20,24,15,15,25,22,14,20,23,23,21,18,27,21,25,15,22,19,21,13,12,19,17,26,27,18,26,14,20,23,15,25,18,21,18,20,20,22,18,16,11,13,22
RNZ,"(51.045895951149106, -1.788769018210523)",7,12,11,6,5,8,8,10,3,2,4,10,2,9,4,7,3,4,4,8,5,9,4,6,13,3,7,9,14,9,7,6,7,10,3,5,6,9,10,11,12,7,8,6,9,9,8,12,11,6,8,13,8,12,14,14,11,6,12,7,9,9,10,8,9,9,9,12,8,7,10,9,4,4,7,8,4,7,14,13,9,9,4,12,12,8,8,11,11,9,11,12,7,7,10
RXK,"(52.60204795511975, -2.002468643649015)",15,23,26,26,23,27,15,13,25,18,24,28,29,23,20,14,21,19,24,30,26,28,22,20,22,31,28,28,33,18,26,18,19,15,13,34,28,19,31,26,13,25,24,14,18,21,24,25,18,17,31,22,17,18,22,23,15,18,11,20,16,16,14,25,18,22,16,17,16,23,19,17,29,24,15,16,17,20,21,19,21,18,17,20,26,18,19,15,22,18,17,16,15,23,17
RCU,"(53.38547298268005, -1.4870412680763738)",2,1,0,2,2,1,0,1,1,1,1,0,0,1,1,0,0,2,2,2,1,0,0,0,3,1,1,5,3,3,4,0,0,1,0,2,0,1,0,1,0,4,0,3,1,1,1,2,2,3,1,1,3,0,2,1,0,1,1,2,1,2,2,2,0,1,2,0,0,1,2,0,0,1,1,0,3,1,1,1,0,3,2,1,1,3,0,1,0,1,0,0,1,2,0
RHQ,"(53.37950347638362, -1.4922176946294945)",60,62,58,47,46,46,41,36,42,49,39,48,50,41,39,42,50,38,48,39,43,46,41,41,49,53,45,73,50,46,45,41,40,45,47,63,64,42,53,65,45,54,59,59,57,54,45,48,68,50,54,60,49,68,43,59,55,56,61,50,42,54,49,58,61,52,68,59,57,54,53,49,55,63,60,55,74,52,58,63,46,47,42,45,68,50,62,46,72,64,65,60,36,42,45
RK5,"(53.148811129499805, -1.2126883006867943)",22,28,20,25,20,9,15,28,26,15,22,17,22,15,7,11,6,13,23,23,18,21,19,24,29,14,22,30,27,21,18,20,19,31,21,29,20,27,30,45,35,22,25,20,22,29,35,28,20,35,18,33,31,20,26,31,28,30,20,36,20,26,22,29,29,33,31,28,23,23,20,30,18,28,36,39,29,20,21,26,23,30,26,26,22,31,25,28,28,35,29,26,35,19,30
RXW,"(52.709179385525076, -2.792522964340985)",18,25,16,28,26,25,18,21,14,20,11,19,20,29,31,21,23,20,32,26,21,16,18,11,31,23,28,29,25,26,30,19,22,15,17,25,21,22,25,28,30,31,30,16,24,26,22,26,18,29,13,27,45,27,31,30,22,27,25,25,25,19,22,25,31,30,29,31,16,26,27,25,20,21,27,37,31,29,48,31,34,22,36,42,26,39,27,31,34,28,39,37,23,33,30
RA9,"(50.48262741461069, -3.5539119638585177)",10,11,10,16,14,23,14,8,11,13,11,12,9,9,25,17,19,21,15,10,17,22,14,15,23,20,12,16,20,20,15,22,16,18,14,7,13,12,12,20,16,20,18,17,20,12,13,12,20,15,13,30,26,19,16,23,24,16,17,17,17,17,25,25,22,19,16,16,18,18,14,29,15,27,26,25,24,18,21,25,15,23,14,22,23,25,24,20,29,18,15,25,22,20,19
RTR,"(54.553266593617714, -1.2172039092615123)",22,25,26,30,40,33,33,40,27,34,27,26,23,29,26,29,26,36,29,34,34,19,24,26,34,43,20,36,32,45,41,39,30,25,25,39,36,30,38,33,41,47,58,35,34,46,30,38,34,38,45,39,43,36,40,35,33,30,34,35,44,39,40,39,45,40,52,44,41,32,38,46,47,42,51,49,44,47,46,43,58,41,41,41,46,45,41,37,35,42,43,35,41,45,27
RE9,"(54.974655518893805, -1.427793067641912)",8,8,11,10,6,8,6,6,8,7,5,7,8,8,7,9,7,5,7,9,7,1,7,5,6,10,7,11,9,6,8,4,5,8,9,8,14,7,8,5,5,11,11,4,6,15,11,8,14,14,14,10,10,11,6,15,14,12,8,14,6,14,6,13,11,12,9,18,6,19,5,13,16,17,13,14,12,13,11,6,11,14,9,0,0,0,0,0,0,0,0,0,0,0,0
RJC,"(52.531620482646616, -1.4698781462159916)",7,14,12,17,12,4,11,10,11,14,10,12,8,8,8,9,17,16,7,10,11,12,15,9,17,9,6,15,19,14,10,15,11,17,9,15,10,10,13,9,15,13,9,14,15,13,8,17,12,17,14,16,12,10,14,23,18,10,9,11,24,17,13,21,14,17,14,18,16,14,13,13,14,12,20,29,7,16,24,15,21,16,10,19,11,13,12,14,23,12,10,19,14,14,9
RAJ,"(51.554472700202695, 0.6873036201350711)",17,14,22,24,14,17,17,24,14,21,18,18,13,22,17,14,25,15,27,11,12,16,11,18,14,18,9,17,19,15,19,9,12,17,11,16,16,18,19,27,20,16,19,18,10,27,18,18,19,12,19,21,21,28,36,22,28,17,19,17,19,21,23,26,18,25,32,23,22,29,22,20,24,24,25,27,17,20,21,26,23,23,28,30,28,19,28,21,31,28,31,31,21,18,26
RVY,"(53.63909049578223, -2.981852521046971)",19,14,11,17,30,12,17,23,11,12,19,16,13,20,19,16,24,18,16,15,24,19,12,15,19,17,16,20,17,22,13,16,15,16,19,22,10,15,16,25,14,20,16,26,16,18,12,21,15,20,15,26,21,12,22,13,10,17,13,12,14,24,16,20,14,19,19,13,21,16,14,25,16,18,14,16,28,16,21,8,22,28,24,17,22,18,26,21,24,18,27,13,20,24,13
RBN,"(53.44148777295248, -2.717871743087145)",23,21,18,26,24,23,29,20,35,20,25,23,26,25,32,25,34,33,25,31,21,28,27,28,22,21,15,29,26,28,31,21,23,21,34,29,31,31,38,32,32,38,25,29,28,35,29,34,29,25,35,38,33,22,28,27,28,29,27,23,18,26,38,32,29,35,36,29,22,23,32,33,31,22,22,32,36,35,31,34,31,17,26,26,32,30,28,40,37,30,38,24,37,20,21
RJ7,"(51.42701756702106, -0.17505676510160867)",15,18,15,17,14,24,19,15,22,20,11,19,16,18,23,23,20,19,16,21,16,18,27,16,21,21,24,32,26,22,21,16,17,18,21,24,35,24,21,16,26,28,19,13,18,14,15,20,13,20,27,22,20,21,15,27,11,24,27,32,25,11,22,30,31,21,21,10,18,21,20,12,16,27,19,26,16,12,25,21,14,19,18,19,24,24,14,21,24,21,24,20,19,15,19
RWJ,"(53.41645153180742, -2.1586817520103314)",11,17,21,25,21,15,19,17,18,12,11,14,16,15,20,19,17,17,16,18,15,23,18,17,16,10,18,19,23,28,20,20,9,19,11,14,18,22,19,20,19,23,22,15,17,17,16,13,16,17,22,22,22,26,23,28,15,19,17,12,19,19,21,21,20,22,17,18,30,21,14,20,15,16,12,23,17,10,22,20,21,23,17,16,16,18,13,17,23,19,20,17,16,11,20
RTP,"(51.21953086780523, -0.162255395914711)",8,23,25,30,22,31,16,24,29,18,17,20,25,20,19,36,27,18,31,17,16,23,16,15,23,25,23,18,17,22,18,15,16,14,18,12,15,23,20,18,34,30,29,19,23,23,20,31,17,30,23,34,23,25,32,25,26,24,16,29,28,30,37,50,31,23,27,32,32,27,21,26,33,35,27,18,40,25,36,37,31,33,20,36,25,34,30,35,39,31,38,29,33,34,51
RMP,"(53.494531344050884, -2.0707396309041015)",7,11,7,15,9,12,11,17,17,12,7,15,8,12,13,10,8,14,10,15,8,14,9,9,11,8,9,13,15,11,18,14,14,7,6,12,13,11,19,23,11,16,15,7,15,16,11,7,10,14,15,17,19,19,15,10,16,10,12,12,23,11,13,17,9,15,7,5,15,14,12,15,20,16,13,19,16,18,19,21,9,18,16,17,11,17,12,11,26,14,13,11,9,14,18
RBA,"(51.01247458188072, -3.1195635960358357)",16,13,12,17,14,20,20,22,11,14,11,13,14,15,16,8,11,20,16,8,15,16,15,15,16,21,17,25,12,13,19,13,13,18,17,14,8,21,19,25,29,14,26,24,23,15,24,14,20,22,22,22,26,26,20,22,27,20,14,21,20,23,22,31,24,28,31,23,29,19,17,25,26,21,32,26,25,21,24,17,23,22,21,18,19,26,20,44,27,27,21,22,31,18,22
RBV,"(53.430510639301, -2.228165025290267)",3,7,8,7,6,4,6,1,4,3,3,10,7,2,3,7,7,5,2,6,6,3,6,3,4,3,4,7,3,6,3,5,5,2,4,3,6,3,7,3,8,6,2,4,5,6,4,9,3,5,2,3,1,5,8,3,9,4,4,9,7,3,9,8,10,7,10,8,9,4,4,5,5,11,13,7,5,6,7,9,9,5,7,12,10,7,7,5,5,5,11,6,6,6,6
RNA,"(52.50398746173204, -2.11919533223778)",15,13,17,14,23,22,30,20,14,18,18,23,25,13,14,22,29,17,22,15,17,19,33,24,21,22,19,15,24,22,19,22,16,17,19,19,20,24,30,25,32,18,29,24,26,18,28,17,20,23,28,22,28,29,26,20,26,24,21,25,16,27,31,24,15,19,26,19,18,24,23,27,28,31,25,28,30,25,23,31,25,26,32,21,37,27,43,28,28,36,27,26,24,35,16
RAS,"(51.52590168742583, -0.46106686504356226)",14,12,9,7,13,14,16,7,8,16,10,12,8,12,12,14,11,15,13,19,9,11,15,10,4,10,13,11,15,23,15,21,14,18,14,9,12,16,18,10,16,12,17,12,16,13,17,13,16,19,25,15,17,17,20,14,14,16,19,18,16,32,15,17,20,14,14,11,9,13,16,17,22,24,21,17,13,22,18,21,16,8,18,21,13,24,21,17,21,23,19,15,18,23,15
RTD,"(55.01452590519652, -1.5921727969138613)",18,25,34,19,31,35,25,31,25,27,29,38,32,31,16,34,30,31,27,25,28,28,27,34,33,34,39,45,30,31,27,36,29,38,32,36,22,32,39,32,27,34,35,44,40,41,32,43,35,44,48,28,27,36,28,36,41,32,37,33,31,38,36,30,48,29,35,35,39,35,26,48,39,43,42,41,40,34,39,31,38,42,38,38,33,30,35,31,50,33,38,34,33,39,29
RCX,"(52.75723821379775, 0.44722446637870983)",8,7,13,13,10,15,10,14,12,5,15,9,5,7,12,17,18,13,12,13,12,11,16,13,9,15,8,15,20,15,13,16,19,10,18,13,8,24,21,14,10,20,16,17,12,15,13,15,14,11,21,24,16,21,20,15,22,20,17,21,18,18,20,17,17,18,19,29,18,14,12,13,12,18,23,26,18,25,31,22,11,15,17,21,14,19,14,23,16,10,23,22,13,21,13
RL1,"(52.884777532496685, -3.033247202853522)",1,1,0,1,3,0,0,1,0,0,0,0,0,0,2,0,0,0,0,1,1,0,0,1,2,1,0,1,0,0,1,0,2,0,0,1,2,1,0,0,0,0,0,0,0,0,0,0,0,1,0,0,0,2,0,0,1,1,0,0,0,0,1,0,0,0,2,0,3,1,0,0,1,1,0,1,0,1,0,1,0,0,0,0,0,2,0,1,0,1,1,1,1,1,0
RFR,"(53.414598002171076, -1.342534825299374)",16,24,17,10,13,22,24,15,11,15,15,17,18,14,7,12,26,16,17,28,18,26,12,12,16,11,25,20,16,15,15,11,12,17,14,18,14,15,17,20,13,24,15,18,14,18,20,15,14,22,11,20,20,17,18,20,16,19,17,13,17,15,14,24,14,15,13,20,10,12,14,10,21,22,14,21,13,28,14,16,25,12,15,14,26,23,24,19,17,25,15,12,15,15,16
RDZ,"(50.74721119318759, -1.8217171268818912)",21,18,14,19,24,24,25,33,15,13,21,13,14,24,16,29,22,3,2,7,19,20,12,28,16,20,13,35,31,18,31,22,23,21,25,22,23,22,19,21,28,35,27,21,23,29,22,25,43,28,20,45,35,33,30,23,23,23,21,30,21,34,32,24,40,24,25,31,21,25,29,24,13,22,24,31,33,41,26,27,34,32,27,21,34,23,21,33,29,30,31,24,23,31,29
RPY,"(51.466845835192515, -0.24377020903714497)",4,6,8,7,4,6,14,5,5,5,12,6,5,13,6,8,9,5,4,9,3,8,3,12,5,8,4,1,4,6,11,7,8,4,8,4,9,5,5,6,7,7,8,5,5,3,3,4,2,7,3,5,3,5,5,4,5,1,2,7,3,6,5,5,5,3,3,5,5,9,8,6,3,7,8,4,11,5,3,13,11,5,1,2,4,2,5,7,7,8,6,10,7,7,4
RRJ,"(52.421634943635055, -1.9609849952042913)",0,0,0,0,1,0,0,0,2,0,0,0,0,1,0,0,1,0,2,0,0,0,0,0,0,0,0,0,0,0,0,0,0,0,0,0,0,1,0,0,0,0,1,0,0,0,0,1,0,0,0,0,0,0,0,0,0,0,1,0,0,1,1,0,0,0,0,0,0,0,0,0,0,0,0,0,0,0,0,0,0,0,0,0,0,0,0,0,0,0,0,0,2,0,0
RET,"(53.46671590022735, -2.930796094576735)",1,1,0,0,1,1,1,2,1,0,3,1,0,1,1,0,1,0,1,0,0,2,1,3,1,2,0,0,1,2,0,1,1,1,1,2,2,0,0,1,2,1,2,2,0,3,2,2,2,2,0,4,2,1,0,0,1,0,2,3,0,3,1,1,0,2,1,1,0,0,3,0,2,1,0,0,0,1,1,1,3,0,1,2,0,2,0,2,1,1,0,1,1,2,0
RKE,"(51.567101671484515, -0.14004708778386407)",7,7,8,9,7,7,11,10,9,11,5,6,11,7,8,8,10,15,10,6,12,13,7,7,10,14,8,14,14,8,8,13,5,9,16,12,16,14,8,11,12,8,10,8,5,7,9,8,12,11,6,12,15,14,12,13,20,8,14,7,13,14,11,13,4,11,12,16,9,11,9,8,9,8,17,6,14,10,14,10,13,14,9,11,9,16,13,9,15,11,26,10,10,11,8
RWD,"(53.233981773519126, -0.5193931947172791)",50,41,35,38,49,41,24,29,35,32,28,27,36,44,28,31,37,33,32,27,27,34,37,28,24,35,36,33,41,38,36,31,32,38,27,20,36,38,45,41,33,43,32,39,30,35,31,26,32,24,31,31,31,30,42,33,30,27,34,31,33,31,31,35,25,23,37,32,31,33,30,31,34,37,38,32,28,48,38,31,35,23,29,52,30,41,42,42,44,45,42,36,36,43,39
RRV,"(51.525553984274836, -0.13602679573476742)",23,18,20,19,22,19,31,24,20,25,30,22,26,24,27,22,25,22,18,21,19,18,25,12,23,19,18,26,22,18,22,20,23,18,24,21,19,28,16,28,30,31,28,31,22,27,14,24,29,24,28,30,24,27,25,25,26,21,17,21,18,26,28,22,26,30,24,24,23,26,20,20,31,25,29,31,26,29,25,30,29,32,19,22,25,31,22,31,27,20,32,25,28,28,22
RRK,"(52.45157123556422, -1.943017156568475)",26,24,25,23,21,21,31,19,28,25,23,21,32,17,26,24,26,26,19,32,24,22,20,23,11,28,33,29,30,27,29,27,24,32,24,18,29,26,26,22,26,33,33,33,28,31,27,24,35,27,29,44,32,30,21,34,22,31,29,29,37,30,30,26,38,30,34,26,11,30,22,99,75,101,87,108,106,106,92,97,87,86,55,91,83,112,97,101,104,85,84,68,88,84,81
RJE,"(53.00425201343172, -2.2150413221923233)",24,44,28,45,36,35,31,39,31,32,34,33,34,31,37,43,32,37,31,41,54,43,39,49,54,48,52,51,55,56,42,30,45,37,37,37,46,46,49,58,50,48,63,57,47,46,44,56,50,61,50,58,57,55,55,55,48,61,39,61,39,44,54,55,47,64,62,49,41,41,50,46,50,52,40,64,53,61,46,56,39,54,50,59,54,65,47,67,54,69,62,55,54,65,44
RM2,"(53.38962518520386, -2.2930462792780446)",14,13,14,19,13,18,14,19,10,11,12,23,11,14,16,12,17,14,18,19,17,14,20,18,19,14,19,13,16,14,19,14,20,15,10,18,16,15,27,25,25,19,18,10,14,21,16,19,22,20,20,27,24,23,19,13,13,19,12,0,0,0,0,0,0,0,0,0,0,0,0,0,0,0,0,0,0,0,0,0,0,0,0,0,0,0,0,0,0,0,0,0,0,0,0
RHM,"(50.93391596347665, -1.4348188990304533)",27,24,29,29,13,21,28,16,23,17,19,22,22,23,22,23,29,24,23,13,25,25,19,26,23,32,38,22,17,33,25,27,18,24,26,18,27,21,22,20,33,21,22,25,26,24,25,23,17,25,24,26,23,17,23,33,23,25,24,26,28,22,14,37,25,27,30,29,25,30,20,28,15,37,29,27,18,16,27,23,25,21,23,33,38,27,28,30,34,22,28,33,40,35,28
RA7,"(51.4606972522896, -2.5948179471642177)",23,24,16,21,18,19,14,27,21,17,19,26,14,18,12,21,17,17,18,17,21,26,22,19,12,21,18,27,16,25,17,14,14,17,18,12,19,18,18,23,34,29,20,24,25,13,22,21,14,20,19,19,18,19,19,20,16,17,21,24,23,25,16,24,20,22,16,19,15,19,15,21,21,28,24,22,31,35,28,19,24,31,30,31,30,28,24,32,31,21,20,23,25,24,19
RKB,"(52.42144616971609, -1.4376872258952011)",29,29,30,17,27,22,29,21,22,32,19,22,20,24,16,36,36,23,22,32,21,32,23,22,24,24,19,31,34,29,31,24,25,25,18,27,16,29,29,23,29,17,25,30,21,33,22,20,24,31,22,29,29,36,33,31,32,21,22,25,22,41,28,24,24,30,22,32,35,24,35,30,33,24,30,32,36,29,29,24,28,24,24,29,21,26,28,28,34,28,29,24,26,32,28
RWE,"(52.63083959918536, -1.0807791801337059)",39,44,45,46,51,48,49,31,40,49,43,39,49,41,36,46,44,53,48,41,46,44,30,36,42,39,51,45,66,54,39,54,42,37,57,40,56,55,48,65,48,57,52,52,46,45,38,69,43,45,36,39,62,64,56,44,48,49,53,53,47,45,54,52,42,48,45,48,44,50,34,42,52,62,46,41,37,54,41,39,32,41,31,43,45,52,37,55,53,47,43,48,34,44,45
RTX,"(54.30701403915633, -2.7346238247573615)",21,19,18,19,27,11,15,16,13,10,11,16,14,19,20,18,21,5,19,16,16,17,23,20,20,15,18,24,21,18,14,21,18,17,18,8,13,15,21,23,22,26,29,20,21,20,17,17,19,27,20,19,31,18,22,16,21,18,13,20,27,23,30,33,28,27,17,21,24,27,22,30,16,13,17,32,25,34,17,24,28,13,18,27,30,19,21,27,35,27,20,29,25,23,26
RBK,"(52.58373862419842, -1.9989567178722143)",15,13,17,14,21,19,17,18,16,17,11,14,13,16,15,11,13,20,12,9,19,11,19,17,12,12,14,14,19,11,12,12,10,8,14,13,14,19,8,17,11,13,14,7,8,8,10,6,12,12,10,10,14,8,12,6,13,9,9,13,13,12,15,14,13,12,10,12,11,7,18,14,10,16,15,24,18,21,9,15,7,11,17,16,9,11,15,8,8,19,15,10,16,24,15
RWW,"(53.39455369387085, -2.6103923718557267)",12,18,20,13,13,13,22,19,23,8,11,14,12,13,8,15,16,15,17,11,15,22,18,16,16,14,10,20,18,11,11,12,9,18,15,4,13,17,15,11,14,13,17,7,8,11,12,17,14,14,14,11,22,13,16,21,16,16,12,17,21,16,18,24,16,21,19,17,12,11,14,15,17,20,17,22,21,19,20,14,14,17,13,17,19,25,22,21,19,22,19,14,16,14,14
RWG,"(51.65241813501565, -0.4065803808753144)",18,16,12,20,19,19,13,18,14,12,12,14,7,13,20,21,16,22,22,21,11,20,23,20,14,19,18,23,30,20,29,9,18,18,11,19,18,13,16,22,26,20,17,20,29,16,17,18,11,14,14,24,15,17,15,19,21,20,18,18,18,14,26,28,24,24,16,23,26,16,30,27,22,26,33,33,34,24,25,26,36,32,18,27,22,17,29,34,29,23,29,28,29,25,21
RFW,"(51.474163190236965, -0.3244070571474484)",11,14,12,18,18,15,19,7,14,13,9,12,11,10,16,12,12,15,14,8,8,21,14,24,13,20,15,10,12,7,12,7,10,17,18,18,14,13,18,17,12,12,12,19,11,20,9,0,0,0,0,0,0,0,0,0,0,0,0,0,0,0,0,0,0,0,0,0,0,0,0,0,0,0,0,0,0,0,0,0,0,0,0,0,0,0,0,0,0,0,0,0,0,0,0
RGR,"(52.23191674285068, 0.7090418200287032)",13,8,9,13,17,14,9,9,13,16,16,11,14,12,16,20,17,13,10,13,15,11,15,15,16,20,18,17,13,22,16,11,13,9,18,23,15,20,17,11,15,15,13,21,16,16,14,10,9,8,14,15,21,26,15,16,16,19,9,15,12,11,16,15,11,17,13,19,16,9,11,10,15,21,16,14,16,14,16,13,14,10,9,17,13,21,19,28,27,16,13,19,21,13,16
RYR,"(50.84382395798602, -0.7680505421709104)",21,30,15,32,29,22,35,23,23,14,12,21,25,30,23,26,30,18,30,26,31,24,25,24,23,28,22,23,38,18,19,25,30,27,19,37,21,23,25,34,23,35,26,22,24,16,26,37,46,26,28,36,37,44,39,28,26,35,33,40,30,28,27,39,47,31,38,36,25,35,29,33,32,34,30,27,29,30,33,24,28,25,22,29,38,38,39,28,47,26,45,37,34,33,29
RA3,"(51.32306697502782, -2.9725926265451634)",12,9,9,9,10,3,10,7,8,7,7,8,7,11,15,14,16,16,9,4,10,13,11,17,10,9,13,11,11,10,17,16,10,5,11,6,10,10,13,13,5,14,11,14,11,10,12,13,15,13,9,10,14,11,12,11,9,13,7,9,15,6,11,9,8,14,5,8,13,5,5,8,11,13,9,10,10,16,11,13,12,8,8,7,19,6,8,15,14,21,5,7,10,7,5
RBL,"(53.36961320523751, -3.095313348598841)",0,0,0,0,0,0,0,0,0,0,0,0,26,13,19,19,19,22,18,11,13,15,13,0,0,0,0,0,0,0,0,0,0,0,0,0,0,0,0,0,0,0,0,0,1,7,12,26,8,31,17,22,27,20,20,27,21,10,20,20,18,21,20,32,26,30,30,26,25,29,17,18,20,22,19,23,21,22,29,22,20,25,24,20,26,24,26,28,16,13,25,23,22,22,33
RWP,"(52.1931699994085, -2.1808779879210287)",19,26,21,21,13,31,18,25,15,15,25,16,24,21,20,22,23,34,22,21,27,12,19,30,24,28,24,26,23,19,34,23,20,25,16,37,17,36,29,25,31,24,21,21,26,34,25,31,35,30,35,25,35,27,39,34,29,25,26,36,30,31,44,41,35,40,31,26,26,23,16,22,28,33,29,31,36,42,25,32,34,25,31,37,37,45,36,25,42,34,27,30,25,30,22
RRF,"(53.550428348100326, -2.6305107280912314)",20,16,10,12,16,12,12,5,9,11,7,14,11,18,13,11,14,15,18,10,14,12,9,14,8,7,16,17,17,5,8,13,9,15,15,8,10,10,8,9,16,17,12,8,13,13,4,20,8,15,12,12,13,12,17,15,14,15,12,12,16,20,6,6,9,19,20,10,6,13,6,5,13,18,13,19,18,12,11,9,9,15,14,18,9,13,14,7,9,8,11,7,3,8,9
RLQ,"(52.057642650958975, -2.7061941874939497)",9,4,7,10,7,9,6,7,4,2,6,10,9,7,3,13,8,9,13,14,10,5,3,5,9,18,11,15,11,7,4,8,22,10,7,12,15,11,6,13,6,5,10,11,15,7,9,6,9,11,6,12,14,6,6,5,9,10,3,11,7,13,13,15,10,10,12,8,6,9,7,11,8,11,8,9,16,9,14,6,7,10,9,12,17,8,14,24,11,8,12,9,9,13,12
RA4,"(50.945265824811706, -2.634224796075096)",9,2,9,9,6,3,6,5,11,4,6,6,6,5,8,9,5,6,9,3,9,9,9,9,7,8,5,7,6,5,6,7,2,7,7,5,6,10,9,12,9,5,13,14,13,6,11,18,16,20,13,17,16,23,16,18,12,15,6,14,15,13,22,17,17,12,12,17,13,13,13,13,13,16,12,15,19,16,19,15,11,15,19,13,16,17,15,19,16,11,20,14,12,15,9
RCB,"(53.970713086367546, -1.0842893858377123)",39,37,26,39,37,32,41,25,22,32,30,46,28,25,40,36,42,46,39,37,38,40,33,41,49,40,32,33,49,42,35,44,50,42,25,40,38,41,38,34,29,32,33,35,35,50,50,39,36,26,41,60,50,48,38,50,33,42,46,42,49,44,43,37,50,42,50,49,51,44,36,39,49,46,43,51,49,54,46,39,33,42,46,49,50,45,49,47,66,41,47,47,46,41,42
R1K,"(51.57613542141185, -0.3231242645066181)",0,0,0,0,0,0,0,0,0,0,0,0,0,0,0,0,0,0,0,0,0,0,0,30,32,37,25,33,38,36,33,40,37,34,27,27,44,45,40,46,39,40,46,32,27,47,38,37,30,44,47,45,40,42,38,38,32,40,42,41,39,30,49,43,50,52,48,32,40,41,49,50,54,45,47,39,59,46,51,44,35,57,39,49,37,39,42,53,51,41,41,46,54,59,39
R0A,"(53.461381439077016, -2.227618086150605)",0,0,0,0,0,0,0,0,0,0,0,0,0,0,0,0,0,0,0,0,0,0,0,0,0,0,0,0,0,0,0,0,0,0,0,0,0,0,0,0,0,0,0,0,0,0,0,0,0,0,0,0,0,0,0,0,0,0,0,39,32,40,40,43,41,48,44,36,38,46,40,35,38,48,61,54,60,62,38,49,48,48,32,57,38,54,51,46,49,68,59,48,44,44,42
R0B,"(54.90694311691212, -1.4129979921757518)",0,0,0,0,0,0,0,0,0,0,0,0,0,0,0,0,0,0,0,0,0,0,0,0,0,0,0,0,0,0,0,0,0,0,0,0,0,0,0,0,0,0,0,0,0,0,0,0,0,0,0,0,0,0,0,0,0,0,0,0,0,0,0,0,0,0,0,0,0,0,0,0,0,0,0,0,0,0,0,0,0,0,0,36,50,36,42,40,44,49,41,34,40,37,39